-- phpMyAdmin SQL Dump
-- version 5.1.0
-- https://www.phpmyadmin.net/
--
-- Host: 127.0.0.1
-- Generation Time: Dec 15, 2022 at 01:52 PM
-- Server version: 10.4.18-MariaDB
-- PHP Version: 8.0.3

SET SQL_MODE = "NO_AUTO_VALUE_ON_ZERO";
START TRANSACTION;
SET time_zone = "+00:00";


/*!40101 SET @OLD_CHARACTER_SET_CLIENT=@@CHARACTER_SET_CLIENT */;
/*!40101 SET @OLD_CHARACTER_SET_RESULTS=@@CHARACTER_SET_RESULTS */;
/*!40101 SET @OLD_COLLATION_CONNECTION=@@COLLATION_CONNECTION */;
/*!40101 SET NAMES utf8mb4 */;

--
-- Database: `berita`
--
CREATE DATABASE IF NOT EXISTS `berita` DEFAULT CHARACTER SET utf8mb4 COLLATE utf8mb4_general_ci;
USE `berita`;

-- --------------------------------------------------------

--
-- Table structure for table `admins`
--

CREATE TABLE `admins` (
  `id` int(11) NOT NULL,
  `username` varchar(30) NOT NULL,
  `password` varchar(50) NOT NULL
) ENGINE=InnoDB DEFAULT CHARSET=utf8mb4;

--
-- Dumping data for table `admins`
--

INSERT INTO `admins` (`id`, `username`, `password`) VALUES
(1, 'admin', 'admin'),
(2, 'firman', 'firman');

-- --------------------------------------------------------

--
-- Table structure for table `authors`
--

CREATE TABLE `authors` (
  `id` int(11) UNSIGNED NOT NULL,
  `name` varchar(50) NOT NULL,
  `phone` varchar(13) NOT NULL
) ENGINE=InnoDB DEFAULT CHARSET=utf8mb4;

--
-- Dumping data for table `authors`
--

INSERT INTO `authors` (`id`, `name`, `phone`) VALUES
(1, 'Dimas A', '081234567891'),
(2, 'Diana Saraswati', '081234567892'),
(3, 'Malika Maliki', '081234567892'),
(5, 'Firman A', '083195995894'),
(6, 'Anto Kurnia Huda', '08911111122'),
(9, 'Bagas Barini', '08911111123'),
(12, 'Buhori Anjasmara', '083276557766'),
(13, 'Deva F', '081234567892');

-- --------------------------------------------------------

--
-- Table structure for table `categories`
--

CREATE TABLE `categories` (
  `id` int(11) UNSIGNED NOT NULL,
  `category` varchar(30) NOT NULL
) ENGINE=InnoDB DEFAULT CHARSET=utf8mb4;

--
-- Dumping data for table `categories`
--

INSERT INTO `categories` (`id`, `category`) VALUES
(21, 'TEKNO'),
(22, 'BOLA'),
(23, 'OTOMOTIF'),
(24, 'EDUKASI');

-- --------------------------------------------------------

--
-- Table structure for table `positions`
--

CREATE TABLE `positions` (
  `id` int(11) UNSIGNED NOT NULL,
  `position` varchar(30) DEFAULT NULL
) ENGINE=InnoDB DEFAULT CHARSET=utf8mb4;

--
-- Dumping data for table `positions`
--

INSERT INTO `positions` (`id`, `position`) VALUES
(1, 'Headline'),
(2, 'Sorotan'),
(3, 'Index');

-- --------------------------------------------------------

--
-- Table structure for table `posts`
--

CREATE TABLE `posts` (
  `id_posts` int(11) UNSIGNED NOT NULL,
  `author_id` int(11) UNSIGNED NOT NULL,
  `category_id` int(11) UNSIGNED NOT NULL,
  `title` varchar(200) NOT NULL,
  `content` text NOT NULL,
  `date` date NOT NULL,
  `picture` varchar(200) NOT NULL,
  `position_id` int(10) UNSIGNED NOT NULL
) ENGINE=InnoDB DEFAULT CHARSET=utf8mb4;

--
-- Dumping data for table `posts`
--

INSERT INTO `posts` (`id_posts`, `author_id`, `category_id`, `title`, `content`, `date`, `picture`, `position_id`) VALUES
(25, 1, 22, 'Modric Usai Gagal ke Final Piala Dunia: Respek dari Argentina hingga Raut Wajah Kecewa  ', 'Gelandang berpengalaman Kroasia, Luka Modric, mendapatkan respek luar biasa dari skuad Argentina seusai merampungkan laga semifinal Piala Dunia 2022. Pertandingan Argentina vs Kroasia dalam jadwal Piala Dunia 2022 berlangsung di Stadion Lusail, Doha, Qatar, Rabu (14/12/2022) dini hari WIB. Kroasia tak mampu melaju ke final Piala Dunia 2022 setelah menelan kekalahan dari Argentina dengan skor 0-3. Gawang Kroasia dijebol Argentina melalui kontribusi Lionel Messi (34’penalti) dan Julian Alvarez (39’ 69’). Baca juga: Jadwal Final Piala Dunia 2022, Argentina Tunggu Perancis atau Maroko Kroasia sejatinya turun dengan salah satu pemain kuncinya, yakni Luka Modric. Ia dipasang menjadi starter ketika menghadapi Argentina. Namun, Luka Modric tidak bisa berbuat banyak. Bintang Real Madrid itu pun dikeluarkan dari lapangan pada menit ke-81.\r\n\r\nAdapun saat itu peran Luka Modrid di atas lapangan digantikan oleh gelandang muda milik Rennes, Lovro Majer. Saat digantikan, Luka Modric menerima tepuk tangan dari sejumlah penggemar Argentina dan Kroasia yang ada di Stadion Lusail. Baca juga: Argentina ke Semifinal Piala Dunia 2022: Puji dan Sesal ke Messi Tak sampai di situ, sejumlah pemain Argentina seperti Angel Di Maria dan Lionel Messi juga datang menghampiri Luka Modric seusai pertandingan. Dalam foto yang beredar di media sosial, Angel Di Maria tampak memeluk Luka Modric. Pemain berusia 37 tahun itu terlihat menampilkan raut wajah sedih sekaligus kecewa. Di lain sisi, Lionel Messi berjabat tangan dengan Luka Modric. Keduanya memperlihatkan sisi indah dari pertandingan sepak . Mantan bomber Argentina, Sergio Aguero, juga tak ketinggalan. Dalam laporan ESPN, Aguero menghampiri Modric dan memeluknya di lorong menuju ruang ganti.\r\n\r\nMenurut laporan Deportv, Luka Modric menuturkan bahwa sangat berterima kasih atas dukungan yang sudah diberikan oleh penggemar Argentina. \"Jika penggemar Argentina bertepuk tangan untuk saya, saya hanya bisa berterima kasih,\" ucap Modric, dikutip dari Deportv. \"Mereka telah menciptakan suasana yang luar biasa. Messi menjalani turnamen dengan baik dan menunjukkan kualitasnya,\" tambah dia. Simak update dan kabar terbaru soal Piala Dunia 2022 Qatar dari jadwal, hasil, klasemen, hingga sisi lain dalam lipsus berikut ini: Gebyar Qatar.\r\n\r\n', '2022-12-14', '639942264e883.jpg', 3),
(26, 3, 22, 'Persis Vs Barito Berakhir Imbang Tanpa Gol ', 'Tidak ada pemenang dalam pertandingan Liga 1 antara Persis Solo kontra Barito Putera. Kedua tim bermain imbang tanpa gol.\r\nMatchday ke-14 Liga 1 2022/2023 mempertemukan Persis vs Barito. Duel berlangsung di Stadion Sultan Agung, Bantul, Rabu (14/12/2022) malam WIB.\r\n\r\nPersis mendapat peluang pada menit ke-19. Bola percobaan Althaf Alrizky di depan gawang gagak dikonversikan menjadi gol.\r\n\r\nBarito Putera membalas melalui upaya Rafael Feital pada menit ke-35. Bola masih meleset dari sasaran. Babak pertama ditutup tanpa gol.\r\n\r\n\r\nKedua kesebelasan tetap tak mampu memecah kebuntuan hingga pluit panjang berbunyi. Skor kacamata 0-0 menjadi hasil akhir pertandingan.\r\n\r\nHasil ini membuat Persis Solo tertahan di urutan ke-12 dengan 15 poin. Barito Putera masih di posisi ke-17 dengan 7 poin.\r\n\r\nSusunan Pemain\r\n\r\nPersis Solo: Gianluca Pandeynuwu; Abduh Lestaluhu, Kanu Helmiawan, Rian Miziar, Gavin Kwan; Taufiq Febriyanto, Alexis Nahuel, Irfan Bachdim; Ryo Matsumura, Fernando Ortega, Althaf Alrizky.\r\n\r\nBarito Putera: Nor Halid; Bagas Kaffa, Yuswanto Aditya, Renan Alves, Frank Sokoy; Bayu Pradana, Luthfi Kamal; Abrizal Umanialo, Manuel Ott, Muhammad Buyung; Rafael Feital.\r\n\r\n', '2022-12-14', 'persis-solo_169.jpeg', 3),
(28, 2, 22, 'Argentina ke Final Piala Dunia 2022, Messi Bicara soal Pensiun', 'Lusail - Lionel Messi selangkah lebih dekat untuk memenangkan Piala Dunia 2022, usai Argentina lolos ke final. La Pulga langsung bicara soal pensiun dari Piala Dunia.\r\nMessi baru saja meloloskan Argentina ke final Piala Dunia 2022. Albiceleste menang 3-0 atas Kroasia dalam babak semifinal di Lusail Iconic Stadium, Lusail, Qatar, Rabu (14/12/2022) dini hari WIB.\r\n\r\nBagi Messi, lolosnya ke final akan mendekatkannya pada sebuah mimpi. Memenangkan trofi Piala Dunia untuk Argentina, yang belum pernah dipersembahkannya, berpotensi diwujudkan.\r\n\r\nSepanjang kariernya, Messi memang bergelimang trofi di level klub. Namun di Argentina, pemilik 7 Ballon d\'Or itu cukup kesulitan. Capaian terbaiknya cuma memenangkan Copa America, sementara di Piala Dunia hanya menjadi runner up pada 2014.\r\n\r\n', '2022-12-14', 'lionel-messi-9.jpeg', 3),
(29, 5, 22, 'Bruno Fernandes \"Ramal\" Masa Depan Man United Usai Ronaldo Hengkang ', 'Pemain timnas Portugal, Bruno Fernandes, menegaskan bahwa dirinya tidak khawatir tentang masa depan Manchester United setelah kepergian dramatis Cristiano Ronaldo. Selain itu, dia juga tidak merasa tetekan untuk memihak Ronaldo atau klubnya dalam permasalahan tersebut. Nasib kurang baik sedang dialami Ronaldo seusai Man United secara resmi telah mengumumkan berpisah dengan kapten timnas Portugal tersebut. Perpisahan antara Cristiano Ronaldo dan Man United diketahui berdasarkan pengumuman yang diunggah di laman resmi klub pada Rabu (23/11/2022) dini hari WIB.   Baca juga: Kisah Ibrahim, Anak Indonesia yang Jadi Pendamping Ronaldo di Piala Dunia 2022 \"Cristiano Ronaldo akan segera meninggalkan Manchester United dengan kesepakatan bersama,\" tulis pihak klub.  \"Klub berterima kasih padanya atas kontribusi yang luar biasa selama dua periode di Old Trafford, mencetak 145 gol dalam 346 penampilan, dan mendoakan yang terbaik untuk masa depan dia dan keluarganya,\" tulis Man United.  \"Semua orang di Manchester United tetap fokus untuk melanjutkan kemajuan tim di bawah Erik ten Hag dan bekerja sama untuk memberikan kesuksesan di atas lapangan,\" demikian pernyataan Man United. Perpisahan antara Ronaldo dan Man United menjadi puncak dari rentetan kontroversi yang muncul belakangan ini. Baca juga: Piala Dunia 2022, Ketika Blunder Kiper Portugal Bikin Ronaldo Panik Sebelum Piala Dunia 2022 dimulai, Ronaldo menghebohkan dunia sepak dengan komentar yang ia utarakan dalam wawancara eksklusif bersama jurnalis Inggris Piers Morgan.  Pemain berusia 37 tahun tersebut mengungkapkan bahwa dirinya tidak memiliki rasa hormat kepada pelatih Setan Merah saat ini, Erik ten Hag. \r\n', '2022-12-13', '6343256b7a7c5.jpg', 3),
(30, 1, 22, 'Profil Theo Hernandez, Jalan Terjal Dibanding Sang Kakak', 'Awal karier Theo Hernandez di dunia sepak bola profesional tak semulus seperti kakaknya, Lucas Hernandez. Kakak beradik Lucas dan Theo Hernandez sama-sama meniti kariernya lewat akademi Atletico Madrid. Bermodal sokongan dari sang ibu, Laurence Py, Lucas dan Theo menimba ilmu di akademi Atletico Madrid. Lucas, 20 bulan lebih tua dari Theo, menikmati kariernya sebagai pemain profesional pada tahn 2015. Pada tahun 2019, dia bergabung ke Bayern Muenchen (Jerman) hingga artikel ini tayang. Kala itu, dia langsung tembus ke skuad senior setelah berjuang di Atletico Madrid B. Theo Hernandez sejatinya juga merasakan hal yang sama, bisa tembus ke skuad senior setelah membelat Atletico Madrid B. Hanya saja, dia harus dipinjamkan ke Alaves karena kurang menit main di Atletico senior pada tahun 2016-2017. Hingga pada tahun 2017, Real Madrid meminangnya. Tetapi, lagi-lagi kesulitan di skuad senior. Theo kemudian dipinjamkan lagi ke Real Sociedad selama semusim karena jarang dapat menit main.\r\n', '2022-12-15', '639a200f1d91a.jpg', 3),
(31, 3, 21, 'Daftar Aplikasi HP Paling Boros Baterai Menurut Riset, Ada Instagram sampai Bigo ', 'Firmas riset pCloud merilis hasil penelitian terbaru mereka terkait aplikasi yang paling banyak menguras baterai di smartphone. Hasil riset tersebut dituangkan dalam laporan berjudul “Secret Phone Killers - Which apps are the most demanding on your phone?”. Data dari riset menunjukkan bahwa 93 persen pengguna menggunakan ponsel pintarnya hampir setiap hari. Penggunaan smartphone yang begitu aktif tentunya berpengaruh pada kapasitas baterai perangkat. Namun, selain penggunaan yang aktif, sejumlah aplikasi juga turut berpengaruh pada boros atau tidaknya baterai perangkat. Aplikasi tersebut dapat menguras baterai karena tetap berjalan di latar belakang meski aplikasi itu ditutup. Selain itu, aplikasi yang diinstal di smartphone biasanya juga membutuhkan akses terhadap fungsi tertentu seperti kamera, mikrofon, atau lokasi. Menurut riset, seberapa banyak akses yang bisa didapat oleh aplikasi juga turut memengaruhi daya baterai.\r\nDalam riset ini, pCloud menggunakan sebanyak 16 fungsi yang bisa diakses aplikasi sebagai acuan dasar dalam penelitian. Fungsi tersebut antara lain dark mode, akses ke foto (media), akses terhadap informasi Wi-Fi, kontak, storage, informasi panggilan, lokasi, kamera, kalender, SMS, hingga pengaturan data. Dari temuan pCloud, berikut ini adalah 20 aplikasi yang “menyedot” banyak baterai: Fitbit Verizon Uber Skype Facebook Airbnb BIGO LIVE Instagram Tinder Bumble Snapchat WhatsApp Zoom YouTube Booking.com Amazon Telegam Grindr Likke LinkedIn Menurut pCloud, aplikasi Fitbit menguras paling banyak baterai. Aplikasi ini bahkan bisa meminta izin akses 14 fungsi dari 16 fungsi yang tersedia seperti meminta izin akses terhadap kamera, microphone, lokasi, hingga koneksi Wi-Fi. Sedangkan, untuk aplikasi media sosial seperti Facebook, Instagram, Snapchat, YouTube, WhatsApp, dan LinkedIn menjalankan 11 fungsi seperti akses dari file gambar, lokasi, microphone, hingga Wi-Fi. Nah, Instagram menjadi aplikasi media sosial yang tidak terlalu menguras baterai. Sebab, aplikasi tersebut memungkinkan penggunanya mengaktifkan mode gelap (dark mode), sehingga membuat baterai sedikit lebih hemat.\r\n', '2022-12-15', '603f684e2279b.jpg', 3),
(32, 2, 21, 'Chip Mediatek Dimensity 8200 Resmi Meluncur, Dukung Ray Tracing', 'Mediatek resmi meluncurkan chipset terbarunya untuk segmen ponsel premium, yang diberi nama Dimensity 8200. System-on-Chip (SoC) suksesor Dimensity 8100 tersebut kini dirancang dengan teknologi fabrikasi 4 nanometer (nm), dan dibekali dengan berbagai fitur dan teknologi baru, salah satunya adalah HyperEngine 6.0. Dengan teknologi ini, unit pengolah grafis (GPU) yang ada di SoC Dimensity 8200, yaitu Mali-G610 MC6, mendukung fitur Vulkan SDK yang bisa menghadirkan fitur Ray Tracing untuk segmen GPU mobile. Ray Tracing sederhananya merupakan kemampuan GPU yang bisa menampilkan pantulan cahaya di dalam game dengan efek ciamik. Sehingga, efek cahaya dan kualitas visual game bisa terlihat lebih nyata.\r\nSelain HyperEngine 6.0, chipset Dimensity 8200 juga kini hadir dengan prosesor (CPU) delapan inti (octa-core) yang kini terdiri dari satu inti performa tinggi (high performance core) Cortex-A78 dengan kecepatan clock 3,1 GHz. Di chipset generasi sebelumnya, inti CPU tersebut tidak tersedia. Adapun CPU dengan kecepatan clock 3,1 GHz itu ditemani dengan tiga inti CPU performa standar dengan kecepatan clock 3,0 GHz, serta empat CPU hemat daya dengan kecepatan 2,0 GHz. Pada aspek memori, SoC Dimensity 8200 mendukung RAM hingga model LPDDR5 (6.400 Mbps), serta media penyimpanan (storage) dengan jenis UFS 3.1. Kemudian pada aspek layar, chipset ini mampu menopang panel dengan resolusi FHD Plus dengan refresh rate 180 Hz, atau WQHD Plus dengan refresh rate 120 Hz.\r\nFitur lainnya di Dimensity 8200 adalah dukungan kamera hingga resolusi 320 MP (single camera), perekaman video 4K 60 FPS yang dilengkapi dengan HDR10+, serta chip pengolah gambar (ISP) Imagiq 785 untuk meningkatkan pengalaman fotografi. Ada pula dukungan WiFi 6E, Bluetooth 5.3, serta chip modem dual 5G dengan kecepatan download mencapai 4,7 Gbps, sebagaimana dirangkum KompasTekno dari GSMArena, Jumat (9/12/2022). Ponsel dengan chipset Dimensity 8200 bakal hadir di pasar global dalam waktu dekat. Saat ini, salah satu ponsel yang sudah resmi meluncur dengan chipset tersebut adalah iQoo Neo7 SE yang dirilis di China. Xiaomi konon juga bakal meluncurkan smartphone dengan SoC premium tersebut dalam waktu dekat. Konon, ponsel ini bernama Redmi K60E. Kita nantikan saja.\r\n', '2022-12-15', '63929854c5ae8.jpg', 3),
(33, 2, 21, 'iQoo Neo 7 SE Meluncur, Smartphone Pertama dengan Dimensity 8200', 'iQoo resmi hadir di Indonesia dengan meluncurkan smartphone bertajuk iQoo 11 series pada Kamis (8/12/2022). Pada saat yang sama, perusahaan ini juga meluncurkan ponsel lainnya yaitu iQoo Neo 7 SE di negeri asalnya, China. iQoo Neo 7 SE hadir sebagai ponsel kelas menengah yang ditenagai chipset Dimensity 8200. Meski dikategorikan untuk kelas menengah, beberapa spesifikasi iQoo Neo 7 SE terbilang di atas rata-rata ponsel sekelasnya. Misalnya pada aspek pengisian daya yang didukung fast charging hingga 120 watt, refresh rate 120 Hz, hingga kamera 64 MP. Di China, ponsel ini dijual cukup terjangkau mulai dari 2.099 yuan atau setara Rp 4,7 juta. iQoo Neo 7 SE merupakan smartphone yang ditenagai chipset Dimensity 8200 besutan MediaTek. Chip ini dirilis dengan fabrikasi 4 nm dan menuai skor lebih dari 900.000 poin pada aplikasi benchmark Antutu. Dimensity 8200 menawarkan CPU dengan clockspeed hingga 3,1 GHz dan GPU Mali-G610 yang terintegrasi dengan APU 580. Pada iQoo Neo 7 SE, Dimensity 8200 dipadukan dengan RAM LPDDR5 dan penyimpanan UFS 3.1. Kapasitas RAM dan penyimpannya cukup besar, mulai dari RAM 8 GB hingga storage 512 GB. Untuk menunjang performa ponsel, iQoo Neo 7 SE juga dibekali sistem pendingin tiga dimensi seluas 35.090 mm persegi, sehingga diklaim mampu mengurangi suhu tinggi ketika menjalankan game mobile yang tergolong berat. Adapun daya tahanya didukung dengan baterai berkapasitas 5.000 mAh. Menariknya, iQoo menambahkan dukungan fast charging 120 watt. Sub-brand dari Vivo ini mengeklaim dukungan itu bisa membuat baterai iQoo Neo 7 SE terisi dayanya dari 1-60 persen hanya dalam durasi 10 menit. Untuk pengisian daya penuh sampai 100 persen, durasinya diklaim tak lebih dari 20 menit. Soal tampilannya, iQoo Neo 7 SE didesain dengan layar 6,78 inci yang didukung resolusi FHD Plus, refresh rate 120 Hz, kecerahan 1.300 nit hingga HDR 10 Plus. Layar ponsel ini juga dihias dengan lubang (punch hole) guna menunjang penempatan kamera depan.', '2022-12-14', '639296ee02a2f.jpg', 3),
(34, 1, 21, 'Asus Zenfone 9 Resmi di Indonesia, HP Snapdragon 8 Gen 1 Mulai Rp 8 Juta', 'Asus akhirnya resmi meluncurkan ponsel flagship terbarunya Zenfone 9 5G di Indonesia, hari ini, Kamis (17/11/2022). Ponsel ini menjadi suksesor ponsel flagship Zenfone 8 yang dirilis tahun lalu. Sebagai penerus, Zenfone 9 dibekali sejumlah peningkatan. Salah satunya menggunakan chipset mumpuni dari Qualcomm, yaitu Snapdragon 8 Gen 1. Peningkatan lain terdapat di aspek kamera dan juga kapasitas baterainya. Tak hanya itu, Zenfone 9 juga masih mengedepankan ponsel dengan form factor yang kecil alias \"ringkas\" dan nyaman digenggam seperti pendahulunya. Di atas kertas, Asus Zenfone 9 memiliki dimensi 146,5 x 68,1 x 9,1 mm dengan bobot 169 gram, bobot yang sama dengan Asus Zenfone 8. \r\nUntuk spesifikasi layarnya, Asus Zenfone 9 mengadopsi panel Super AMOLED dengan ukuran 5,9 inci dan resolusi Full HD Plus. Layar tersebut sudah memiliki refresh rate 120 Hz, tingkat kecerahan 1.100 nits, dukungan HDR10 Plus, serta sudah dilapisi dengan kaca pelindung Gorilla Glass Victus. Di pojok kiri atas layar terdapat sebuah punch hole yang menampung kamera selfie 12 MP dengans sensor Sony IMX663.\r\nDi bagian belakang, ada dua kamera yang terdiri dari kamera utama 50 MP (f/1.9, sensor Sony IMX766) dan kamera ultrawide 12 MP (f/2.5, 113 derajat, sensor IMX363). Di sektor dapur pacu, Zenfone 9 ditenagai chipset flagship Qualcomm, yaitu Snapdragon 8 Gen 1. Ada 3 varian Zenfone 9 berdasar RAM/penyimpanannya, yaitu 6/128 GB, 8/256 GB dan 16/256 GB. Selain chipset dan kamera, peningkatan juga terlihat dari segi baterai. Alih-alih 4.000 mAh seperti Zenfone 8, baterai Asus Zenfone 9 berkapasitas 4.300 mAh. Meski demikian, teknologi pengisian cepat yang didukung masih mentok di angka 30 watt.\r\n', '2022-12-13', '62e322fab0cb4.jpg', 3),
(35, 1, 21, 'Riot Games Gugat NetEase, Bilang Game Hyper Front Jiplak Valorant ', 'Pengembang dan penerbit game asal Amerika Serikat (AS), Riot Games, meradang dan melayangkan gugatan terhadap pengembang dan penerbit game asal China, NetEase. Dalam dokumen tuntutan yang dikirim ke pengadilan di beberapa negara (Inggris, Jerman, Brasil, dan Singapura), Riot Games mengatakan bahwa game Hyper Front buatan NetEase merupakan hasil jiplakan dari Valorant. Valorant sendiri adalah game populer besutan Riot Games. Sama seperti Valorant, Hyper Front merupakan game tembak-tembakan dengan format lima lawan lima (5 vs 5). Dalam game ini, pemain juga bisa berperang di beragam mode, serta menggunakan aneka kostum (skin) untuk senjata, karakter, dan masih banyak lagi. Menurut pengacara Riot Games, Dan Nabel, NetEase meniru beberapa aspek penting yang ada di game Valorant seperti karakter, peta, senjata, skin senjata, emotikon, dan masih banyak lagi. NetEase belum menanggapi soal tuntutan Riot Games ini. Dalam tuntutannya, Riot Games menduga NetEase telah mengubah beberapa elemen di dalam Hyper Front supaya tidak sama persis dengan Valorant. Tapi tetap saja, pelanggaran hak cipta yang dilakukan NetEase, menurut Nabel, sudah terlampau banyak. \"Semua elemen kreatif di dalam game kami ditampilkan di game NetEase. Menurut kami, meski mereka mengubah beberapa elemen tersebut dengna warna yang berbeda, tetap saja itu melanggar hak cipta kami,\" jelas Nabel, dikutip KompasTekno dari Polygon, Kamis (15/12/2022).\r\n', '2022-12-15', '6349e14737c5d.jpg', 3),
(36, 3, 23, 'Perayaan Ke-60 di Thailand, Toyota Persembahkan IMV-0 Concept L', 'Toyota Motor Thailand (TMT) sudah berdiri sejak 5 Oktober 2022. Pada Rabu (14/12/2022), TMT merayakan perayaa yang ke-60 tahun dan membawa beberapa konsep kendaraan baru. Konsep yang paling unik adalah Toyota IMV-0 yang merupakan pikap serba guna. Hal ini selaras dengan sejarah Toyota yang menghadirkan platform Innovative International Multi-purpose Vehicles (IMV) di industri otomotif Thailand. Melanjutkan peran Thailand jadi pusatnya pikap dunia, pada acara tersebut diperkenalkan IMV-0 Concept. Keunikan dari konsep ini adalah beragam aplikasi bisa dipasang pada bagian belakang pikap, menyesuaikan kebutuhan dan lifestyle konsumen di Thailand.\r\nAkio Toyoda, President & CEO Toyota Motor Corporation mengucapkan banyak terima kasih kepada pelanggan Toyota di Thailand. \"Untuk saya, ini bukan cuma seberapa besar kendaraan yang kami jual di sini, tapi kami mau berkontribusi untuk negara ini, membantu meningkatkan peluang ekonomi. Inilah tujuan kami memilih Thailand untuk memproduksi model global, IMV,\" ucapnya dikutip Kompas.com dari siaran resmi, Rabu (14/12/2022). Toyoda teringat saat dirinya meluncurkan Hilux Vigo (IMV pertama) dan sebagai wujud terimakasih, akan hadir pikap IMV baru untuk Thailand, yakni IMV-0 Concept dan Hilux Revo BEV Concept.\r\n', '2022-12-15', '639a0a7213cb8.jpg', 3),
(37, 3, 23, 'Mobil Terlaris November 2022, Brio Melesat, Xpander-Stargazer Anjlok ', ' Honda Brio kembali berhasil menjadi mobil terlaris di pasar dalam negeri selama November 2022 mengalahkan pesaing utamanya di daftar teratas, yaitu Toyota Avanza dengan total penjualan 7.102 unit. Diolah dari data Gabungan Industri Kendaraan Bermotor Indonesia (Gaikindo), pencapaian tersebut seiring konsistensi penjualan Brio, yang mengalami kenaikan 26,8 persen dari satu bulan sebelumnya. Sementara Avanza dalam periode sama, terpantau masih mengalami penurunan 22 persen menjadi 3.859 unit. Kondisi ini menambah torehan buruk pada produk kendaraan keluarga 7-penumpang andalan Toyota Indonesia itu sejak semester kedua 2022.\r\nAlhasil, membuat Avanza terpaksa terlempar dari posisi lima besar mobil terlaris bulanan di pasar nasional. Sebelumnya, Avanza rata-rata mencapai total penjualan bulanan 10.000 unit tetapi usai Lebaran angkanya terus turun. Tampak memanfaatkan peluang tersebut, Daihatsu Sigra berhasil melesatkan penjualan di pasar domestik hampir dua kali lipat dari bulan sebelumnya, yakni 3.738 unit jadi 6.830 unit (83 persen). Kinerja ini sekaligus menjadikan Sigra sebagai mobil murah alias Low Cost Green Car (LCGC) paling laris jelang akhir tahun 2022. Sebab tepat berada di belakangnya, diisi oleh mobil niaga yaitu Suzuki Carry PU dengan penjualan sebanyak 5.066 unit.\r\nMenutup posisi lima besar mobil teralris pada November 2022, ada Daihatsu Gran Max PU (pikap) yang naik tipis dari 4.616 unit menjadi 4.925 unit dan Toyota Rush 4.492 unit. Menariknya, meski Rush melambat 10 persen secara bulanan, LSUV ini masih mampu pertahankan posisi terbaiknya. Dalam data yang sama, terlihat bila Mitsubishi Xpander juga mengalami nasib sama dengan Avanza yaitu mengalami penurunan penjualan 20 persen. Tapi secara peringkat, Xpander hanya turun satu ranking saja jadi posisi ke-7 dengan 3.867 unit.\r\n\r\n', '2022-12-14', '622f764193e78.jpg', 3),
(38, 3, 23, 'Harga Mulai Rp 32 Jutaan, Honda PCX 160 Kini Punya Warna Baru', 'PT Astra Honda Motor (AHM) meluncurkan varian warna baru pada skutik New Honda PCX 160. Untuk diketahui, warna baru PCX 160 ini hadir pada tipe CBS maupun ABS. Pertama di tipe CBS, terdapat warna Royal Matte Blue yang hadir dengan kombinasi warna biru di bodi bagian atas dan hitam di bagian bawah. Pilihan warna teranyar, ada Magnificent Red dan Brilliant Black, yang melengkapi warna Wonderful White dengan penyematan emblem 3D desain baru.\r\nSedangkan untuk tipe ABS, warna terbaru, yaitu Imperial Matte Blue hadir melengkapi varian warna lainnya yaitu Majestic Matte Red, Wonderful White, dan Glorious Matte Black. Tipe ABS hadir dengan sentuhan pelek berwarna burnt titanium dan penyematan emblem 3D berwarna gold yang semakin memperkuat kesan mewah. Direktur Marketing AHM Thomas Wijaya, mengatakan, varian warna terbaru pada New Honda PCX 160 dihadirkan untuk memenuhi permintaan para pecinta skutik premium di Tanah Air.\r\n“Melalui kehadiran warna baru pada New Honda PCX 160, kami ingin konsumen semakin memiliki pilihan partner berkendara ditemani dengan desain terbaik dan beragam fitur canggih yang telah kami sematkan pada model ini,” ujar Thomas, dalam keterangan tertulis (13/12/2022). New Honda PCX 160 mengusung mesin generasi terbaru dengan kapasitas 160 cc 4 katup eSP+, berpendingin cairan, dengan tenaga 11,8 kW atau setara 15,8 Tk pada 8.500 rpm dengan torsi puncak 14,7 Nm pada 6.500 rpm. Di samping bertenaga, motor ini diklaim irit BBM. AHM mengklaim konsumsi bahan bakar mencapai 45 km per liter. Pengetesan dilakukan melalui pengaktifan fitur ramah lingkungan Idling Stop System dengan metode pengetesan WMTC-EURO 3.\r\n', '2022-12-13', '6398c635d4143.jpg', 3),
(39, 2, 23, 'Sudah Tahu Cara Memindahkan Tuas Persneling Mobil Manual yang Benar?', 'Memindahkan gigi atau persneling kerap diabaikan sebagai salah satu teknik berkendara, terutama pada mobil transmisi manual. Secara berkesinambungan, pengendara harus mengendalikan tuas persneling, pedal kopling, rem, gas, termasuk memantau keadaan sekitar kendaraan. Alasan ini yang membuat mengemudi itu butuh konsentrasi tinggi dan tidak bisa disambi aktivitas lain. Situas ini juga kerap membuat kebanyakan pengemudi pemula akan kesulitan untuk membagi fokus dalam berkendara.\r\nPada akhirnya, pengendara sering salah dalam memindahkan gigi karena kesulitan membagi fokus pada tuas persneling saat berkendara. Alhasil, pada saat salah memindahkan gigi, mobil tidak bisa melaju dengan mulus atau mengganggu kenyamanan berkendara. Maka dari itu, pada saat mengendarai mobil manual dibutuhkan teknik berkendara yang tepat.\r\n“Tuas persneling tidak perlu dilihat. Saat pindah gear (gigi), arah muka dan mata pengendara tetap tertuju ke depan,” kata Sony kepada Kompas.com, Selasa (14/12/2022). Apabila pengendara selalu melihat tuas, mengemudi jadi berbahaya lantaran tidak memperhatikan objek di sekitar jalan. Maka dari itu, pandangan pengendara baiknya tertuju pada depan jalan saat memindahkan gigi. Menurut Sony, ketika seseorang sudah hapal maka akan lancar memindahkan tuas gigi tanpa melihat. Kemahiran ini bisa didapat salah satunya dengan melalui proses orientasi dan belajar.\r\n\r\n', '2022-12-14', '633d53d936f69.jpeg', 3),
(40, 3, 23, 'Honda Mulai Rancang Motor Balap Bertenaga Listrik ', 'Pada penghujung 2022, Honda mulai terbuka soal upayanya mengembangkan kendaraan listrik di berbagai segmen, termasuk sepeda motor. Dilansir dari Ride Apart (13/12/2022), kabarnya Honda juga mulai aktif mengembangkan teknologi sepeda motor listrik untuk balap. Honda tidak memberikan banyak detail tentang perkembangan ini. Namun bahasan mengenai motor balap listrik itu bakal diungkap lebih jauh pada 2023.\r\nHonda Racing Corporation (HRC) disinyalir telah bekerja untuk mengembangkan mesin balap berbasis listrik dalam setahun terakhir. Namun, Honda kemungkinan belum akan menurunkan motor listrik ini dalam ajang apapun. “Honda memiliki misi penting lain untuk dikejar di bidang olahraga motor. Ini adalah realisasi netralitas karbon,” ujar Shinji Aoyama, Director dan Senior Managing Executive Officer Honda.\r\nAoyama juga mengatakan, pihaknya akan terus meningkatkan inisiatif untuk menggunakan teknologi yang ramah lingkungan dalam aktivitas balap. “Honda telah melakukan penelitian dan pengembangan teknologi netralitas karbon sambil secara proaktif memanfaatkan bidang olahraga motor,” ucap Aouyama. “Selain itu, dimulai dengan sepeda motor, kami akan menjajaki kemungkinan untuk memperkenalkan kendaraan listrik dalam balapan sesungguhnya di mana kami berkompetisi,” kata dia.\r\n', '2022-12-13', '61e7c34576ee9.jpg', 3),
(41, 3, 23, 'Suzuki Carry Jadi Andalan di Lokasi Bencana', 'Suzuki Club Reaksi Cepat (SCRC) merupakan komunitas sosial beranggotakan dari berbagai Suzuki Club di Indonesia. Berbagai aksi sudah dilakukan, terutama pada situasi bencana. Untuk menunjang aksi sosial tersebut, SCRC mengandalkan beberapa kendaraan. Mobil yang paling diandalkan selama kegiatan tersebut adalah Suzuki Carry dengan berbagai aplikasi. Misal, saat diresmikan pada 2019, SCRC sudah memiliki Suzuki Carry dengan aplikasi ambulans. Tidak lama berselang, hadir juga Carry dengan aplikasi boks untuk membawa barang selama kegiatan sosial.\r\nKelik Pangestu, Ketua Umum SCRC mengatakan, Carry sangat bisa diandalkan, terutama soal manuvernya di area-area yang sempit. \"Dengan menggunakan Carry, itu manuver di medan-medan sempit, terutama di Cianjur itu sangat mudah. Terbukti ambulans kita sampai ke puncak di daerah Cirumput, kita sampai ke sana,\" ucap Kelik di Jakarta, Sabtu (10/12/2022). Bukan cuma Carry yang jadi ambulans, Carry dengan aplikasi boks juga sangat berguna. Selain jago manuver di area sempit, Carry boks juga sanggup membawa banyak barang, apalagi saat dipakai rescue ke area banjir.\r\n\"Kita untuk Carry ada Carry boks untuk mengangkut operasi di saat banjir. Perahu kita angkat di atas, dan di dalam ada dua mesin 40 pk-15 pk dan perahu karet untuk river boat (diderek),\" ucap Kelik. Ketika beraksi, satu kendaraan Carry boks bisa mengangkut kebutuhan saat kondisi bencana. Selain Carry, ada juga XL7 yang dimodifikasi jadi motorhome dan dijadikan basecamp selama operasi.\r\n\r\n', '2022-12-14', '63960ae4dc2e2.jpg', 3),
(42, 5, 24, 'Beasiswa S1-S2 Brunei Darussalam 2023, Tunjangan Rp 7 Juta Per Bulan', 'Brunei Darussalam kembali membuka beasiswa kuliah jenjang D3, S1 dan S2 bagi pelajar internasional, termasuk pelajar Indonesia, untuk melanjutkan studi di tahun 2023. Beasiswa dari Brunei Darussalam Government Scholarship (BDGS) merupakan program yang didanai secara penuh oleh pemerintah Brunei Darussalam bagi mahasiswa yang berasal dari negara anggota Organisasi Kerjasama Islam (OKI), ASEAN, Persemakmuran, dan asosiasi lainnya. Fasilitas beasiswa mencakup biaya kuliah hingga biaya hidup selama tinggal di Brunei. Selain itu, bagi mahasiswa internasional akan mendapat peluang untuk mengakses pekerjaan secara global di masa depan.\r\nSelama program berlangsung, fasilitas yang akan diberikan kepada penerima beasiswa BDGS 2023 terdiri dari: Pembebasan biaya kuliah selama masa studi di Brunei Darussalam, Tunjangan hidup per bulan sebesar BND$ 500 atau sekitar Rp 5,7 juta Tunjangan makan per bulan BND 150 atau sekitar Rp1,7 juta Tunjangan buku BND 600 atau sekitar Rp 6,9 juta Tiket pesawat ekonomi PP (awal dan akhir masa perkuliahan), Akomodasi tempat tinggal atau asrama, Biaya asuransi kesehatan selama masa studi, Biaya bagasi untuk pengiriman barang pribadi penerima beasiswa, dengan jumlah maksimum BND 250 Rp 2,8 juta\r\nKriteria yang harus dipenuhi pelamar sampai 31 Desember 2022 untuk mendaftar Beasiswa BDGS 2023 antara lain: 1. Pelamar beasiswa adalah warga negara dari ASEAN termasuk Indonesia, 2. Pelamar berusia 18-25 tahun untuk program (D-3 dan S-1) dan maksimal 35 tahun untuk (S-2), 3. Beasiswa tidak berlaku bagi pelamar dari Brunei Darussalam, 4. Pelamar yang sudah ditetapkan sebagai penerima beasiswa ini, tidak diizinkan untuk menerima beasiswa lain tanpa persetujuan dari Kementerian Luar Negeri Brunei Darussalam\r\n\r\n', '2022-12-15', '5ea92291f193d.jpg', 3),
(43, 5, 24, 'Kisah Jennifer Sadikin yang Sukses Berkarier Berkat Ilmu dan Lingkungan Belajar di Prasmul', 'Tanpa adanya support system atau sistem pendukung, seseorang tidak akan mampu menjadi diri mereka yang terbaik. Uniknya, sistem pendukung bisa datang dari mana saja dan kapanpun. Hal itulah yang dirasakan salah satu alumni School of Business and Economics Universitas Prasetiya Mulya (Prasmul) bernama Jennifer Sadikin. Ia mengaku memperoleh banyak support system selama berkuliah di Prasmul. Berkat dukungan ini, Jennifer mampu berkarier di dunia bisnis yang luas. “Menjadi lulusan ekonomi bisnis angkatan kedua merupakan salah satu prestasi yang membanggakan bagi saya. Bahkan, saya juga bangga menjadi bagian dari Prasmul yang terus berfokus untuk mempersiapkan mahasiswa dengan segala macam skill krusial di dunia bisnis,” ungkap Jennifer dikutip dari ceritaprasmul.com, Minggu (4/12/2022).\r\nIa mengatakan, ilmu yang dipelajari di Business and Economics Prasmul mencakup pengetahuan umum yang luas dan optimal, sehingga cocok bagi orang-orang berprespektif besar. “Selain belajar soal bisnis dasar dan teori ekonomi, program ini juga mengajarkan accounting, marketing, dan berbagai campuran ilmu soal bisnis-ekonomi. Hasilnya, aku jadi punya cara pandang yang meluas dan prespektif besar dalam memahami sebuah permasalahan,” jelas peraih Best Learning Contribution di School of Business and Economics Prasetiya Mulya itu. Jennifer mengaku banyak melalui tantangan selama berkuliah, mulai dari saat belajar mata kuliah (matkul), kegiatan magang, mengerjakan tugas akhir, hingga waktu bekerja paruh waktu. Salah satu matkul paling berkesan bagi Jennifer adalah Applied Business Analytics. Sebab, pada matkul ini, mahasiswa diajak untuk menganalisis dan memecahkan permasalahan yang sedang dihadapi oleh perusahaan nyata.\r\n“Mata kuliah ini begitu menantang karena bisa mengenalkanku ke banyak permasalahan yang ada di dunia bisnis dan industri. Jadi, aku diajak untuk bisa berpikir kritis dan bagaimana nantinya aku harus bisa menyelesaikan masalah tersebut di perusahaan,” ujar Jennifer. Tidak hanya itu, kata dia, program Business and Economics Prasmul juga mengajak para mahasiswanya untuk bisa mendapatkan banyak wawasan luas dari perspektif lokal maupun global melalui berbagai proyek akhir. “Proyek akhir ini berdasarkan real-life events dan itu sangat membantu aku dalam menerapkan berbagai teori-teori yang dipelajari selama di kelas dan aku aplikasikan langsung di lapangan. Jadinya aku lebih memperhatikan bagaimana faktor-faktor ekonomi mikro dan makro yang ada Indonesia membentuk pribadi masyarakatnya,” tuturnya.\r\n', '2022-12-15', '6399ca2617e27.jpg', 3),
(44, 6, 24, 'Dunia Pendidikan Hadapi Derasnya Perubahan, Rektor Prasmul Kenalkan Konsep Fundamental Resetting ', 'Rektor Universitas Prasetiya Mulya (Prasmul) Djisman Simandjuntak menyoroti tentang peran dunia pendidikan dalam mendukung penyediaan talenta yang dibutuhkan untuk kemajuan bangsa Indonesia. Menurutnya, perusahaan science based yang besar dan tumbuh di Indonesia masih sangat sedikit. Padahal hidup semua orang semakin tergantung pada teknologi. “Karena itu, kita harus bisa menggerakkan siswa-siswa Indonesia untuk memilih pembelajaran yang mengarah ke kewirausahaan. Minyak bumi, gas, hutan habis, overfishing terjadi di mana-mana,” ujarnya dalam siaran pers yang diterima Kompas.com, Senin (5/9/2022). Dia menegaskan, pilihan semua pihak tidak lain adalah membangun bisnis-bisnis yang berbasis ilmu pengetahuan.Terlebih, dunia pendidikan juga menghadapi tantangan sangat serius dalam menghadapi derasnya perubahan di berbagai belahan dunia. Terkait hal itu, Djisman menyampaikan konsep fundamental resetting dalam dunia pendidikan untuk menjawab tantangan perubahan.\r\nKonsep itu juga diangkat dalam perayaan Hari Ulang Tahun (HUT) ke-40 Universitas Prasmul yang jatuh pada 6 September dengan tema “Embarking Fundamental Resetting”. “Konsep fundamental resetting adalah perubahan mendasar sebagai upaya menjawab tantangan perubahan zaman yang semakin pesat,” ungkapnya. Dia memaparkan, konsep itu bisa menjadi salah satu upaya untuk menjawab masalah perubahan iklim, perubahan demografi dengan kemunculan generasi penerus yang kian adaptif terhadap kemajuan teknologi, perubahan teknologi yang terus melaju kencang, hingga perubahan geopolitik dan ekonomi ketika kekuatan ekonomi global telah bergeser ke wilayah Asia. “Melalui konsep fundamental resetting ini, Universitas Prasmul, melalui pelayanan utamanya di bidang pendidikan akan terus menggerakkan aneka kolaborasi berbasis keilmuan,” katanya.  Hal tersebut sesuai dengan budaya yang ada di lingkungan Universitas Prasmul. Pasalnya sejak didirikan hingga berusia 40 tahun, kolaborasi atau semangat gotong-royong sudah menjadi budaya di lembaga pendidikan ini.\r\n', '2022-12-15', '631715275ce46.jpg', 3),
(45, 1, 21, 'Daftar Harga Paket Internet Smartfren Desember 2022, Mulai Rp 5.000', 'Harga paket internet Smartfren bervariasi tergantung besaran kuotanya. Paket internet Smartfren dibedakan berdasarkan jenis kuota yang dapat dipilih sesuai kebutuhan pelanggan. Mulai dari paket data Unlimited Harian, Unlimited Nonstop, dan 10N+ dan lain sebagainya. Tentunya, pengguna Smartfren bisa memilih paket sesuai kebutuhan masing-masing. Adapun harga paket internet Smartfren paling murah dibanderol Rp 5.000. Nah, apabila ingin membeli kuota internet Smartfren, bisa lebih dulu mengecek daftar harga paket internet Smartfren terbaru Desember 2022.  Daftar harga paket internet Smartfren terbaru bulan Desember ini dirangkum KompasTekno dari situs resmi smartfren.com. Berikut rincian harga kuota internet Smartfren.\r\nUnlimited Harian 3 GB: Rp 100.000/28 hari Unlimited Harian 2 GB: Rp 80.000/28 hari Unlimited Harian 700 MB: Rp 65.000/28 hari Unlimited Harian 1 GB: Rp 45.000/14 hari Unlimited Harain 1 GB: Rp 25.000/7 hari Unlimited Harian 1 GB: Rp 9.000/1 hari.\r\nUnlimited Nonstop 2 GB: Rp 10.000/10 hari Unlimited Nonstop 3 GB: Rp 15.000/14 hari Unlimited Nonstop 6 GB: Rp 35.000/30 hari Unlimited Nonstop 12 GB: Rp 50.000/30 hari Unlimited Nonstop 30 GB: Rp 70.000/30 hari Unlimited Nonstop 45 GB: Rp 100.000/30 hari Unlimited Nonstop 60 GB: Rp 125.000/30 hari\r\n', '2022-12-15', '61b57588ea25b.jpg', 2),
(46, 2, 24, 'Kemendikbud: Kepala Sekolah adalah Aktor Penting Ekosistem Pendidikan ', 'Salah satu aktor paling penting dalam ekosistem pendidikan yakni Kepala Sekolah. Sementara itu, Pengawas dan kepala sekolah merupakan bagian dari kepemimpinan pendidikan. Hal tersebut dikatakan oleh kata Kepala Badan Standar Kurikulum dan Asesmen Pendidikan (BSKAP), Anindito Aditomo pada acara Rembuk Nasional \"Peningkatan Sebaran Pendidikan Berkualitas: Merumuskan Konsensus Pemerintah, Sekolah & Guru di Indonesia,\" di Auditorium Kemendikbudristek, Jakarta, Rabu (14/12/2022). “Aktor paling penting dalam di dalam ekosistem pendidikan kita, itu mohon maaf bukan dinas pendidikan, bukan Pemda, apalagi Dirjen dan para Menteri. Kalau harus memilih satu adalah kepala sekolah,” kata Kepala Badan Standar Kurikulum dan Asesmen Pendidikan (BSKAP), Dr. Anindito Aditomo.\r\nLebih lanjut, Nino sapaan akrab Kepala BSKAP menambahkan, perhatian bagi kepala sekolah harus menjadi prioritas. Hal ini terwujud dalam program guru penggerak yakni pelatihan calon kepala sekolah yang nantinya bisa menjadi calon pengawas sekolah. Oleh karena itu, program guru penggerak tersebut bukanlah untuk sekolah guru, tetapi program kepemimpinan dalam pendidikan. Bedanya dengan Pendidikan dan Pelatihan (Diklat) yakni guru penggerak filosofinya adalah kepemimpinan pembelajaran, sehingga fokusnya pada pembelajaran. Dengan demikian, mereka yang sudah mengikuti program guru penggerak memiliki potensi dalam pembelajaran, sekaligus sebagai pemimpin yang bisa menggerakkan hati dan pikiran guna meningkatkan kualitas pembelajaran. \"Guru penggerak substansinya pada program pembelajaran dan peningkatan kepemimpinan demi pendidikan yang lebih berkualitas,\" tegas Nino.\r\nKementerian Pendidikan, Kebudayaan, Riset, dan Teknologi (Kemendikbudristek) sendiri optimis dalam meningkatkan jumlah guru penggerak di wilayah Indonesia. Saat ini sudah ada 50.000 guru penggerak dalam waktu kurang dari dua tahun. “Kalau target dari mas Menteri, selalu ambisius 400.000 sampai tahun 2024,” kata Nino.\r\n', '2022-12-15', '6399cb9ee4306.jpeg', 2),
(47, 2, 24, 'Terdapat 40.000 Penyandang Disabilitas Belajar di Madrasah hingga PTKI ', 'Direktur Jenderal Pendidikan Islam (Dirjen Pendis) Kemenag Ali Ramdhani mengatakan, tidak kurang dari 47.561 peserta didik penyandang disabilitas belajar di madrasah, pesantren, dan Perguruan Tinggi Keagamaan Islam (PTKI). Hal ini dituturkan dalam acara Peringatan Hari Disabilitas Internasional 2022. Kegiatan ini digelar Kemenag dengan tema \"Berinovasi Bangkitkan Pendidikan Inklusif\" di Jakarta, Senin (5/12/2022). Turut hadir dalam acara tersebut, Ketua Dharma Wanita Persatuan (DWP) RI Franka Makarim, Penasihat DWP Kemenag RI sekaligus Bunda Inklusi Eny Retno Yaqut, dan Staf Khusus Presiden RI Angkie Yudistia.\r\n\"Penting bagi kita terus berupaya mewujudkan hak dan keadilan bagi penyandang disabilitas, termasuk dalam layanan pendidikan,\" ujar Ali Ramdhani dalam keterangannya. Ali juga menuturkan, sejumlah langkah strategis pelayanan akomodasi dan fasilitasi bagi para penyandang disabilitas di lembaga-lembaga pendidikan Islam. Salah satunya, kata dia, adalah pembentukan Kelompok Kerja Pendidikan Islam Inklusif. \"Pokja ini bertugas mengkoordinasikan semua program di setiap Direktorat untuk penanganan dan penyediaan akomodasi yang layak bagi penyandang disabilitas,\" ungkap dia. Telah dibentuk juga Forum Pendidik Madrasah Inklusif (FPMI), dan akan menyusul Forum Pengasuh Pesantren Inklusif, Forum Guru Agama Inklusif, Forum Dosen Inklusif. \"Semua dimaksudkan untuk membantu dalam akomodasi dan pendampingan pelayanan bagi penyandang disabilitas di lingkungan Pendidikan Islam,\" lanjut Ali. Sejalan dengan itu, Penasihat DWP Kemenag Eny Retno Yaqut mengatakan, Kemenag telah menyusun Peraturan Menteri Agama (PMA) tentang akomodasi yang layak bagi peserta didik penyandang disabilitas.\r\n', '2022-12-14', '5fb3ada2b5ae7.jpg', 2),
(48, 1, 22, 'Cerita Pasangan Difabel Asal Indonesia Berangkat ke Qatar untuk Nonton Piala Dunia', 'Pasangan penyandang disabilitas asal Indonesia, Faisal Rusdi dan Cucu Saidah, tiba di Qatar untuk menyaksikan pertandingan Piala Dunia 2022. Mereka berencana menyaksikan langsung partai puncak atau perebutan tempat ketiga Piala Dunia 2022 yang bakal digelar pada 17 dan 18 Desember mendatang. Sebelum tiba di Qatar, Faisal Rusdi dan Cucu Saidah menempuh perjalanan panjang melalui jalur udara. Mereka mendapat banyak pengalaman sejak berangkat dari Indonesia. Jurnalis KOMPAS.com yang meliput Piala Dunia 2022, Ferril Dennys, berkesempatan mewawancarai Faisal Rusdi dan Cucu Saidah untuk mengulik pengalaman mereka selama perjalanan menuju Qatar.\r\nCucu Saidah mengatakan bahwa dirinya bersama sang suami berangkat ke turnamen empat tahunan ini dengan menggunakan maskapai Qatar Airways. Secara keseluruhan, Cucu Saidah merasa puas dengan pelayanan yang ia dapat dari proses boarding, perjalanan, hingga tiba di Qatar. Cucu Saidah dan Faisal Rusdi sebagai pengguna kursi roda elektrik merasa kebutuhannya terpenuhi selama melakukan perjalanan. Mereka terbebas dari situasi menyulitkan yang penah dirasakan pada kesempatan lain.  Cucu Saidah dan Faisal Rusdi mengaku kerap bepergian bersama dan pernah mengalami pengalaman buruk karena pihak maskapai yang belum fasih dalam melayani penyandang disabilitas.\r\nMereka pun harus mempersiapkan banyak hal sebelum melakukan perjalanan, terlebih lagi ketika harus bepergian tanpa asisten seperti perjalanan ke Qatar kali ini.\r\n', '2022-12-13', '639a5bc8358d5.png', 2),
(49, 1, 22, 'Argentina Vs Perancis, Deschamps Sebut Les Bleus Siap Kembali Juara', 'Pelatih timnas Perancis, Didier Deschamps, mengungkapkan bahwa timnya siap meraih gelar juara Piala Dunia beruntun ketika melawan Argentina di partai final. Les Bleus, julukan timnas Perancis merupakan juara bertahan setelah berjaya di Piala Dunia 2018 Rusia usai mengalahkan Kroasia 4-2 di Stadion Luzhniki. Perancis akan menjadi negara pertama yang memenangkan Piala Dunia berturut-turut sejak Brasil pada 1962 jika mereka berhasil mengalahkan Argentina. Partai final Piala Dunia 2022 yang mempertemukan Argentina vs Perancis tersebut akan diselenggarakan di Stadion Lusail pada Minggu (18/12/2022) pukul 22.00 WIB.', '2022-12-15', '639a5ef49db80.jpg', 2),
(50, 1, 23, 'Kecelakaan Saat Main Motocross, Tangan Kiri Quartararo Patah', 'Fabio Quartararo mengalami kecelakaan saat latihan motocross. Akibat kecelakaan tersebut, Juara Dunia MotoGP 2021 itu patah tulang kecil di bagian tangan kiri. Kecelakaan ini merupakan kecelakaan kedua pada akhir tahun 2022. Sebelumnya, pebalap asal Perancis itu menderita cedera jari akibat kecelakaan latihan di GP Sepang, Malaysia. “Patah tulang kecil di tangan kiri saya tetapi tidak perlu operasi,” tulis Quartararo dikutip dari akun Instagram pribadi, Rabu (14/12/2022).\r\nQuartararo tidak perlu khawatir sebab dia punya cukup waktu untuk memulihkan kondisi fisik sebelum tes pramusim MotoGP dimulai di Sirkuit Sepang Februari mendatang. Selain Quartararo, mantan pebalap Yamaha, Andrea Dovizioso juga diketahui mengalami kecelakaan saat balapan motocross. Pebalap asal Italia tersebut mematahkan pergelangan tangan kanannya. \"Beberapa jam ketakutan, tapi itu bagian dari permainan, yang penting aku baik-baik saja dan tidak mengalami kerusakan permanen,\" kata Dovi.\r\n', '2022-12-15', '620510aee9f2f.jpg', 2),
(51, 1, 22, 'Modric Usai Gagal ke Final Piala Dunia: Respek dari Argentina hingga Raut Wajah Kecewa  ', 'Gelandang berpengalaman Kroasia, Luka Modric, mendapatkan respek luar biasa dari skuad Argentina seusai merampungkan laga semifinal Piala Dunia 2022. Pertandingan Argentina vs Kroasia dalam jadwal Piala Dunia 2022 berlangsung di Stadion Lusail, Doha, Qatar, Rabu (14/12/2022) dini hari WIB. Kroasia tak mampu melaju ke final Piala Dunia 2022 setelah menelan kekalahan dari Argentina dengan skor 0-3. Gawang Kroasia dijebol Argentina melalui kontribusi Lionel Messi (34’penalti) dan Julian Alvarez (39’ 69’). Baca juga: Jadwal Final Piala Dunia 2022, Argentina Tunggu Perancis atau Maroko Kroasia sejatinya turun dengan salah satu pemain kuncinya, yakni Luka Modric. Ia dipasang menjadi starter ketika menghadapi Argentina. Namun, Luka Modric tidak bisa berbuat banyak. Bintang Real Madrid itu pun dikeluarkan dari lapangan pada menit ke-81.\r\n\r\nAdapun saat itu peran Luka Modrid di atas lapangan digantikan oleh gelandang muda milik Rennes, Lovro Majer. Saat digantikan, Luka Modric menerima tepuk tangan dari sejumlah penggemar Argentina dan Kroasia yang ada di Stadion Lusail. Baca juga: Argentina ke Semifinal Piala Dunia 2022: Puji dan Sesal ke Messi Tak sampai di situ, sejumlah pemain Argentina seperti Angel Di Maria dan Lionel Messi juga datang menghampiri Luka Modric seusai pertandingan. Dalam foto yang beredar di media sosial, Angel Di Maria tampak memeluk Luka Modric. Pemain berusia 37 tahun itu terlihat menampilkan raut wajah sedih sekaligus kecewa. Di lain sisi, Lionel Messi berjabat tangan dengan Luka Modric. Keduanya memperlihatkan sisi indah dari pertandingan sepak . Mantan bomber Argentina, Sergio Aguero, juga tak ketinggalan. Dalam laporan ESPN, Aguero menghampiri Modric dan memeluknya di lorong menuju ruang ganti.\r\n\r\nMenurut laporan Deportv, Luka Modric menuturkan bahwa sangat berterima kasih atas dukungan yang sudah diberikan oleh penggemar Argentina. \"Jika penggemar Argentina bertepuk tangan untuk saya, saya hanya bisa berterima kasih,\" ucap Modric, dikutip dari Deportv. \"Mereka telah menciptakan suasana yang luar biasa. Messi menjalani turnamen dengan baik dan menunjukkan kualitasnya,\" tambah dia. Simak update dan kabar terbaru soal Piala Dunia 2022 Qatar dari jadwal, hasil, klasemen, hingga sisi lain dalam lipsus berikut ini: Gebyar Qatar.\r\n\r\n', '2022-12-14', '639942264e883.jpg', 1),
(52, 3, 22, 'Persis Vs Barito Berakhir Imbang Tanpa Gol ', 'Tidak ada pemenang dalam pertandingan Liga 1 antara Persis Solo kontra Barito Putera. Kedua tim bermain imbang tanpa gol.\r\nMatchday ke-14 Liga 1 2022/2023 mempertemukan Persis vs Barito. Duel berlangsung di Stadion Sultan Agung, Bantul, Rabu (14/12/2022) malam WIB.\r\n\r\nPersis mendapat peluang pada menit ke-19. Bola percobaan Althaf Alrizky di depan gawang gagak dikonversikan menjadi gol.\r\n\r\nBarito Putera membalas melalui upaya Rafael Feital pada menit ke-35. Bola masih meleset dari sasaran. Babak pertama ditutup tanpa gol.\r\n\r\n\r\nKedua kesebelasan tetap tak mampu memecah kebuntuan hingga pluit panjang berbunyi. Skor kacamata 0-0 menjadi hasil akhir pertandingan.\r\n\r\nHasil ini membuat Persis Solo tertahan di urutan ke-12 dengan 15 poin. Barito Putera masih di posisi ke-17 dengan 7 poin.\r\n\r\nSusunan Pemain\r\n\r\nPersis Solo: Gianluca Pandeynuwu; Abduh Lestaluhu, Kanu Helmiawan, Rian Miziar, Gavin Kwan; Taufiq Febriyanto, Alexis Nahuel, Irfan Bachdim; Ryo Matsumura, Fernando Ortega, Althaf Alrizky.\r\n\r\nBarito Putera: Nor Halid; Bagas Kaffa, Yuswanto Aditya, Renan Alves, Frank Sokoy; Bayu Pradana, Luthfi Kamal; Abrizal Umanialo, Manuel Ott, Muhammad Buyung; Rafael Feital.\r\n\r\n', '2022-12-14', 'persis-solo_169.jpeg', 1),
(53, 2, 22, 'Argentina ke Final Piala Dunia 2022, Messi Bicara soal Pensiun', 'Lusail - Lionel Messi selangkah lebih dekat untuk memenangkan Piala Dunia 2022, usai Argentina lolos ke final. La Pulga langsung bicara soal pensiun dari Piala Dunia.\r\nMessi baru saja meloloskan Argentina ke final Piala Dunia 2022. Albiceleste menang 3-0 atas Kroasia dalam babak semifinal di Lusail Iconic Stadium, Lusail, Qatar, Rabu (14/12/2022) dini hari WIB.\r\n\r\nBagi Messi, lolosnya ke final akan mendekatkannya pada sebuah mimpi. Memenangkan trofi Piala Dunia untuk Argentina, yang belum pernah dipersembahkannya, berpotensi diwujudkan.\r\n\r\nSepanjang kariernya, Messi memang bergelimang trofi di level klub. Namun di Argentina, pemilik 7 Ballon d\'Or itu cukup kesulitan. Capaian terbaiknya cuma memenangkan Copa America, sementara di Piala Dunia hanya menjadi runner up pada 2014.\r\n\r\n', '2022-12-14', 'lionel-messi-9.jpeg', 1),
(54, 5, 22, 'Bruno Fernandes \"Ramal\" Masa Depan Man United Usai Ronaldo Hengkang ', 'Pemain timnas Portugal, Bruno Fernandes, menegaskan bahwa dirinya tidak khawatir tentang masa depan Manchester United setelah kepergian dramatis Cristiano Ronaldo. Selain itu, dia juga tidak merasa tetekan untuk memihak Ronaldo atau klubnya dalam permasalahan tersebut. Nasib kurang baik sedang dialami Ronaldo seusai Man United secara resmi telah mengumumkan berpisah dengan kapten timnas Portugal tersebut. Perpisahan antara Cristiano Ronaldo dan Man United diketahui berdasarkan pengumuman yang diunggah di laman resmi klub pada Rabu (23/11/2022) dini hari WIB.   Baca juga: Kisah Ibrahim, Anak Indonesia yang Jadi Pendamping Ronaldo di Piala Dunia 2022 \"Cristiano Ronaldo akan segera meninggalkan Manchester United dengan kesepakatan bersama,\" tulis pihak klub.  \"Klub berterima kasih padanya atas kontribusi yang luar biasa selama dua periode di Old Trafford, mencetak 145 gol dalam 346 penampilan, dan mendoakan yang terbaik untuk masa depan dia dan keluarganya,\" tulis Man United.  \"Semua orang di Manchester United tetap fokus untuk melanjutkan kemajuan tim di bawah Erik ten Hag dan bekerja sama untuk memberikan kesuksesan di atas lapangan,\" demikian pernyataan Man United. Perpisahan antara Ronaldo dan Man United menjadi puncak dari rentetan kontroversi yang muncul belakangan ini. Baca juga: Piala Dunia 2022, Ketika Blunder Kiper Portugal Bikin Ronaldo Panik Sebelum Piala Dunia 2022 dimulai, Ronaldo menghebohkan dunia sepak dengan komentar yang ia utarakan dalam wawancara eksklusif bersama jurnalis Inggris Piers Morgan.  Pemain berusia 37 tahun tersebut mengungkapkan bahwa dirinya tidak memiliki rasa hormat kepada pelatih Setan Merah saat ini, Erik ten Hag. \r\n', '2022-12-13', '6343256b7a7c5.jpg', 1);
INSERT INTO `posts` (`id_posts`, `author_id`, `category_id`, `title`, `content`, `date`, `picture`, `position_id`) VALUES
(55, 1, 22, 'Profil Theo Hernandez, Jalan Terjal Dibanding Sang Kakak', 'Awal karier Theo Hernandez di dunia sepak bola profesional tak semulus seperti kakaknya, Lucas Hernandez. Kakak beradik Lucas dan Theo Hernandez sama-sama meniti kariernya lewat akademi Atletico Madrid. Bermodal sokongan dari sang ibu, Laurence Py, Lucas dan Theo menimba ilmu di akademi Atletico Madrid. Lucas, 20 bulan lebih tua dari Theo, menikmati kariernya sebagai pemain profesional pada tahn 2015. Pada tahun 2019, dia bergabung ke Bayern Muenchen (Jerman) hingga artikel ini tayang. Kala itu, dia langsung tembus ke skuad senior setelah berjuang di Atletico Madrid B. Theo Hernandez sejatinya juga merasakan hal yang sama, bisa tembus ke skuad senior setelah membelat Atletico Madrid B. Hanya saja, dia harus dipinjamkan ke Alaves karena kurang menit main di Atletico senior pada tahun 2016-2017. Hingga pada tahun 2017, Real Madrid meminangnya. Tetapi, lagi-lagi kesulitan di skuad senior. Theo kemudian dipinjamkan lagi ke Real Sociedad selama semusim karena jarang dapat menit main.\r\n', '2022-12-15', '639a200f1d91a.jpg', 3),
(56, 3, 21, 'Daftar Aplikasi HP Paling Boros Baterai Menurut Riset, Ada Instagram sampai Bigo ', 'Firmas riset pCloud merilis hasil penelitian terbaru mereka terkait aplikasi yang paling banyak menguras baterai di smartphone. Hasil riset tersebut dituangkan dalam laporan berjudul “Secret Phone Killers - Which apps are the most demanding on your phone?”. Data dari riset menunjukkan bahwa 93 persen pengguna menggunakan ponsel pintarnya hampir setiap hari. Penggunaan smartphone yang begitu aktif tentunya berpengaruh pada kapasitas baterai perangkat. Namun, selain penggunaan yang aktif, sejumlah aplikasi juga turut berpengaruh pada boros atau tidaknya baterai perangkat. Aplikasi tersebut dapat menguras baterai karena tetap berjalan di latar belakang meski aplikasi itu ditutup. Selain itu, aplikasi yang diinstal di smartphone biasanya juga membutuhkan akses terhadap fungsi tertentu seperti kamera, mikrofon, atau lokasi. Menurut riset, seberapa banyak akses yang bisa didapat oleh aplikasi juga turut memengaruhi daya baterai.\r\nDalam riset ini, pCloud menggunakan sebanyak 16 fungsi yang bisa diakses aplikasi sebagai acuan dasar dalam penelitian. Fungsi tersebut antara lain dark mode, akses ke foto (media), akses terhadap informasi Wi-Fi, kontak, storage, informasi panggilan, lokasi, kamera, kalender, SMS, hingga pengaturan data. Dari temuan pCloud, berikut ini adalah 20 aplikasi yang “menyedot” banyak baterai: Fitbit Verizon Uber Skype Facebook Airbnb BIGO LIVE Instagram Tinder Bumble Snapchat WhatsApp Zoom YouTube Booking.com Amazon Telegam Grindr Likke LinkedIn Menurut pCloud, aplikasi Fitbit menguras paling banyak baterai. Aplikasi ini bahkan bisa meminta izin akses 14 fungsi dari 16 fungsi yang tersedia seperti meminta izin akses terhadap kamera, microphone, lokasi, hingga koneksi Wi-Fi. Sedangkan, untuk aplikasi media sosial seperti Facebook, Instagram, Snapchat, YouTube, WhatsApp, dan LinkedIn menjalankan 11 fungsi seperti akses dari file gambar, lokasi, microphone, hingga Wi-Fi. Nah, Instagram menjadi aplikasi media sosial yang tidak terlalu menguras baterai. Sebab, aplikasi tersebut memungkinkan penggunanya mengaktifkan mode gelap (dark mode), sehingga membuat baterai sedikit lebih hemat.\r\n', '2022-12-15', '603f684e2279b.jpg', 1),
(57, 3, 24, 'Langka di Indonesia, Jurusan Kriminologi Hanya Ada di 3 Kampus Ini ', 'Banyak sekali film atau drama bertema investigasi terhadap suatu kasus kejahatan. Jika tertarik dengan film atau drama bergenre investigasi atau kejahatan, jurusan di perguruan tinggi ini tentu pernah kamu dengar? Di jenjang perguruan tinggi, ada salah satu jurusan di rumpun Soshum yakni jurusan Kriminologi. Mau tahu lebih banyak tentang jurusan Kriminologi? Di mana saja bisa kuliah jurusan Kriminologi dan bagaimana prospek kedepannya? Yuk simak informasi berikut ini. Dilansir dari laman akupintar.id, jurusan Kriminologi adalah ilmu yang mempelajari tentang kejahatan dan penyebabnya di masyarakat. Alih-alih ilmu sains, Kriminologi adalah ilmu sosial yang berfokus pada penelitian tentang jenis, penyebab, hingga pengendalian kejahatan.\r\nDalam Kriminologi ada Ilmu Sosiologi, Antropologi, Ekonomi, Biologi, Sejarah, Geografi, Politik, Filsafat, Psikologi, dan Psikiatri. Selain itu, ketika memilih menekuni jurusan ini, kamu akan mempelajari teknik-teknik penyelidikan tindak kriminal. Selain penelitian sosial, mahasiswa jurusan Kriminologi juga belajar tentang rekam sidik jari, reka ulang perkara, olah TKP, bahkan jejak darah. Namun yang lebih penting, kuliah jurusan Kriminologi membuat mahasiswanya belajar tentang kejahatan dan bagaimana mengendalikannya berdasarkan pada penelitian empiris. Pemahaman, penjelasan, perkiraan, pencegahan, hingga kebijakan peradilan pidana tentang kejahatan diperoleh dari penelitian kriminologi.\r\n\r\n', '2022-12-14', '803123697.jpg', 3),
(58, 2, 24, '6 Prospek Kerja Lulusan SMK Jurusan Akuntansi ', 'Prospek kerja siswa SMK yang memilih jurusan Akuntansi sangat terbuka lebar. Dengan keterampilan yang diperoleh selama sekolah, siswa SMK jurusan Akuntansi bisa langsung diserap dunia kerja lho. Hal ini karena pelajar dan mahasiswa yang memilih pendidikan vokasi baik itu SMK maupun perguruan tinggi memang didorong bisa langsung diserap dunia kerja. Siswa SMK lebih banyak mempraktikkan ilmu yang sudah dipelajari. Dengan keterampilan yang dimiliki, tentu siswa SMK tidak akan kesulitan apabila setelah lulus langsung bekerja di bidang yang mereka kuasai. Melansir dari laman sekolah Multi Studi, Kamis (15/12/2022) membagikan informasi mengenai prospek kerja siswa SMK jurusan Akuntansi. Berikut ini 6 pilihan karir bagi siswa lulusan SMK jurusan Akuntansi.\r\n1. Staf akuntan Meningkatnya Usaha Mikro Kecil Dan Menengah (UMKM) di Indonesia membawa berbagai dampak. Salah satunya yakni meningkatkan lapangan pekerjaan. Pelaku UMKM tentu saja akan membutuhkan staf akuntan untuk mencatat keuangan UMKM tersebut. Jika kamu seorang lulusan SMK Jurusan Akuntansi kamu dapat berkarier sebagai staf akuntan di industri UMKM atau di sebuah perusahaan. Rata-rata, gaji fresh graduate di Indonesia yang bekerja di Kantor Akuntan Publik bisa mencapai Rp 4 juta hingga Rp 8 juta. 2. Internal auditor Seorang lulusan SMK jurusan Akuntansi juga bisa bekerja sebagai internal auditor sebuah perusahaan. Kamu akan bertanggung jawab untuk mengelola dan memastikan bahwa semua pelaporan keuangan perusahaan mengikuti prosedur dan tidak menyimpang dari alokasi keuangan. 3. Perencana keuangan Prospek kerja lainnya bagi lulusan SMK jurusan Akuntansi adalah sebagai perencana keuangan di sebuah industri atau membuka jasa perencana keuangan. Perencana keuangan bertugas untuk membantu mengelola dan merencanakan keuangan perusahaan atau seseorang agar tujuan keuangannya tercapai. Gaji fresh graduate untuk perencana keuangan bisa mencapai Rp 4 juta hingga Rp 10 juta. 4. Teller bank Lulusan SMK Jurusan akuntansi berpeluang besar jadi teller bank. Lulusan SMK akuntansi tentu sudah terbiasa dengan pekerjaan-pekerjaan seorang teller bank seperti administrasi setoran, laporan transaksi, dan sebagainya. 5. Kasir Lulusan SMK jurusan akuntansi, kamu memiliki kemampuan menghitung dengan baik. Menjadi seorang kasir juga bisa menjadi alternatif pekerjaan lulusan SMK akuntansi. Seorang kasir memiliki tanggung jawab untuk melayani pelanggan yang melakukan pembayaran atau transaksi, memberi informasi yang dibutuhkan pelanggan, membungkus barang, memeriksa dan mencatat data transaksi serta membuat laporan penjualan. 6. Credit analyst Jika kamu lulusan SMK jurusan akuntansi dan ingin berkarier di bank, kamu dapat menjadi seorang credit analyst. Credit Analyst bertanggung jawab untuk bertanggung jawab untuk mengumpulkan dan menganalisis data keuangan pelanggan bank. Setelah lulus dan bekerja sebagai credit analyst, kamu bisa mendapatkan gaji berkisar Rp 3,5 juta hingga Rp 8 juta setiap bulannya.\r\n\r\n', '2022-12-15', '5feaf76110ddd.jpg', 3);

--
-- Indexes for dumped tables
--

--
-- Indexes for table `admins`
--
ALTER TABLE `admins`
  ADD PRIMARY KEY (`id`);

--
-- Indexes for table `authors`
--
ALTER TABLE `authors`
  ADD PRIMARY KEY (`id`);

--
-- Indexes for table `categories`
--
ALTER TABLE `categories`
  ADD PRIMARY KEY (`id`);

--
-- Indexes for table `positions`
--
ALTER TABLE `positions`
  ADD PRIMARY KEY (`id`);

--
-- Indexes for table `posts`
--
ALTER TABLE `posts`
  ADD PRIMARY KEY (`id_posts`),
  ADD KEY `fk_category` (`category_id`) USING BTREE,
  ADD KEY `fk_author` (`author_id`),
  ADD KEY `fk_position` (`id_posts`),
  ADD KEY `posts_ibfk_3` (`position_id`);

--
-- AUTO_INCREMENT for dumped tables
--

--
-- AUTO_INCREMENT for table `admins`
--
ALTER TABLE `admins`
  MODIFY `id` int(11) NOT NULL AUTO_INCREMENT, AUTO_INCREMENT=3;

--
-- AUTO_INCREMENT for table `authors`
--
ALTER TABLE `authors`
  MODIFY `id` int(11) UNSIGNED NOT NULL AUTO_INCREMENT, AUTO_INCREMENT=14;

--
-- AUTO_INCREMENT for table `categories`
--
ALTER TABLE `categories`
  MODIFY `id` int(11) UNSIGNED NOT NULL AUTO_INCREMENT, AUTO_INCREMENT=25;

--
-- AUTO_INCREMENT for table `positions`
--
ALTER TABLE `positions`
  MODIFY `id` int(11) UNSIGNED NOT NULL AUTO_INCREMENT, AUTO_INCREMENT=8;

--
-- AUTO_INCREMENT for table `posts`
--
ALTER TABLE `posts`
  MODIFY `id_posts` int(11) UNSIGNED NOT NULL AUTO_INCREMENT, AUTO_INCREMENT=59;

--
-- Constraints for dumped tables
--

--
-- Constraints for table `posts`
--
ALTER TABLE `posts`
  ADD CONSTRAINT `posts_ibfk_1` FOREIGN KEY (`category_id`) REFERENCES `categories` (`id`),
  ADD CONSTRAINT `posts_ibfk_2` FOREIGN KEY (`author_id`) REFERENCES `authors` (`id`),
  ADD CONSTRAINT `posts_ibfk_3` FOREIGN KEY (`position_id`) REFERENCES `positions` (`id`);
COMMIT;

/*!40101 SET CHARACTER_SET_CLIENT=@OLD_CHARACTER_SET_CLIENT */;
/*!40101 SET CHARACTER_SET_RESULTS=@OLD_CHARACTER_SET_RESULTS */;
/*!40101 SET COLLATION_CONNECTION=@OLD_COLLATION_CONNECTION */;
